date,lat,lon,sif,cloud_fraction,NIR,phase_angle,vza,sza,TIME,distance,dcSIF,daily_correction
(yyyy/mm/dd),(),(),(),(),(),(),(),(),(),(),(),()
2017/11/23,41.14350128,-96.48090363,0.0594,0.0189,35.23040009,-70.90000153,12.69999981,63.5,1511464641,2.54243451,0.0162,0.272500008
2017/11/24,41.12799835,-96.48049927,0.440800011,0.0035,37.00719833,-86.5,37.5,62.70000076,1511549920,4.191391254,0.1162,0.263599992
2017/11/25,41.15879822,-96.457901,0.588,0,38.95460129,-97.09999847,53.79999924,62.40000153,1511635205,1.224223496,0.151500002,0.257600009
2017/11/28,41.1554985,-96.42359924,-0.330199987,0.405000001,32.87969971,-66,2.5,64.69999695,1511897014,4.029901684,-0.0898,0.272000015
2018/2/1,41.13970184,-96.4509964,-0.136899993,0,46.74129868,-76.59999847,30.60000038,58.40000153,1517511858,3.223397816,-0.036800001,0.269199997
2018/2/3,41.14440155,-96.47260284,-0.223199993,0.596899986,57.67610168,-44.70000076,52.09999847,60.90000153,1517688401,2.285614994,-0.066399999,0.297300011
2018/2/5,41.15819931,-96.46600342,0.689599991,0.468800008,156.8506927,-53.59999847,6.800000191,58,1517858946,0.817188835,0.192599997,0.279300004
2018/2/11,41.1841011,-96.46929932,0.66140002,0,189.6215973,-62.5,13.19999981,55.70000076,1518376595,2.139452454,0.186100006,0.281500012
2018/2/13,41.1515007,-96.45760345,-0.019099999,0,189.1963043,87.30000305,54.20000076,54.29999924,1518547159,1.817824737,-0.0053,0.279100001
2018/2/16,41.16159821,-96.47399902,-0.412699997,0,50.62379837,-56,3.599999905,54.20000076,1518808966,0.488762479,-0.119000003,0.288300008
2018/2/17,41.17679977,-96.44719696,-0.451299995,0,49.3973999,-71,30.60000038,53.29999924,1518894243,2.331242964,-0.128700003,0.2852
2018/3/7,41.17589951,-96.48840332,0.183300003,0.648699999,98.45249939,-43.79999924,51.79999924,50.59999847,1520453199,1.962461262,0.0605,0.3301
2018/3/9,41.16749954,-96.47689819,0.192200005,0.0051,53.57870102,-44.09999847,6,47,1520623726,0.639785773,0.060400002,0.314099997
2018/3/12,41.1733017,-96.48280334,-0.067500003,0.007,53.58319855,84.09999847,58.40000153,44.29999924,1520879569,1.417632544,-0.0208,0.308699995
2018/3/13,41.17539978,-96.44550323,0.0042,0.0352,63.66650009,-38.70000076,40.29999924,47.40000153,1520970834,2.368471358,0.0014,0.32980001
2018/3/15,41.17699814,-96.46600342,0.090400003,0.592400014,60.12509918,-52.5,13.80000019,44.09999847,1521141371,1.391497463,0.0287,0.317299992
2018/3/21,41.14260101,-96.4516983,-0.0854,0,57.36470032,-62.5,31.20000076,41.29999924,1521659018,2.91636829,-0.0275,0.321500003
2018/3/22,41.2010994,-96.45020294,0.0392,0,59.26760101,-75.90000153,49.79999924,40.5,1521744302,4.359087474,0.0125,0.320199996
2018/3/29,41.19240189,-96.46579742,0.163699999,0.723699987,74.89730072,-33.09999847,40,42,1522353221,3.08251271,0.057100002,0.348800004
2018/3/30,41.18500137,-96.42939758,-0.225799993,0.595000029,106.3209,-32.5,15.60000038,39.90000153,1522438486,4.07630535,-0.077,0.341100007
2018/4/4,41.17359924,-96.49559784,-0.225400001,0.166700006,74.45800018,-29,24.20000076,38.79999924,1522870858,2.344628084,-0.0788,0.349400014
2018/4/5,41.15259933,-96.44319916,-0.017899999,0.494800001,81.03240204,-39.70000076,4.5,36.90000153,1522956128,2.633156344,-0.0062,0.343300015
2018/4/13,41.17910004,-96.42209625,-0.504700005,0.216199994,85.68099976,-36.09999847,56.20000076,39.59999847,1523650348,4.318281253,-0.190699995,0.377900004
2018/4/16,41.16619873,-96.48069763,-0.076099999,0,71.3710022,-43.5,14.69999981,32.79999924,1523906143,0.899334724,-0.026900001,0.353300005
2018/4/17,41.19480133,-96.45500183,0.285400003,0.592899978,77.65940094,-62,38.70000076,31.29999924,1523991423,3.560004049,0.0999,0.349900007
2018/4/19,41.16439819,-96.45809937,0.851199985,0.035700001,84.53240204,-29.39999962,45.90000153,36.29999924,1524167981,1.005941698,0.319900006,0.375800014
2018/4/20,41.17399979,-96.47989655,-0.328000009,0.519999981,90.70729828,-23.20000076,23.89999962,33.90000153,1524253244,1.304997146,-0.120300002,0.36680001
2018/4/22,41.19250107,-96.46530151,0.311199993,0.0254,74.97550201,-55.5,31.79999924,30.10000038,1524423791,3.098571398,0.110799998,0.35620001
2018/4/23,41.13270187,-96.49530029,0.516700029,0,70.78929901,-70.09999847,50.5,28.79999924,1524509074,4.152911036,0.182899997,0.353899986
2018/4/25,41.14039993,-96.46520233,0.437999994,0.0682,83.62159729,-22.5,32.09999847,33.20000076,1524685616,2.751674359,0.164199993,0.374799997
2018/4/26,41.18759918,-96.47450256,0.249899998,0.031199999,85.73870087,-27.60000038,4.800000191,30.89999962,1524770884,2.554090505,0.091799997,0.367500007
2018/4/27,41.16439819,-96.51560211,0.092600003,0,68.77690125,-48.29999924,24.20000076,28.89999962,1524856159,3.80934149,0.033500001,0.362399995
2018/4/28,41.1283989,-96.48549652,0.668099999,0,73.49780273,-65.09999847,45.29999924,27.5,1524941440,4.255388492,0.240099996,0.359400004
2018/4/29,41.14970016,-96.47080231,0.931699991,0.356599987,128.727005,-33.40000153,55.90000153,35.5,1525032732,1.687834192,0.366899997,0.39379999
2018/4/30,41.17689896,-96.46779633,0.91109997,0.0189,93.22260284,-24,39.29999924,32.70000076,1525117991,1.351386864,0.348800004,0.3829
2018/5/4,41.18080139,-96.51000214,0.773699999,0.037900001,82.78220367,-35.40000153,59.90000153,35.29999924,1525465109,3.780524647,0.3116,0.402700007
2018/5/5,41.12110138,-96.45950317,0.67900002,0.507099986,107.8746033,-26.5,45.59999847,32.40000153,1525550365,4.947083965,0.265300006,0.390700012
2018/5/6,41.15710068,-96.45200348,0.743799984,0.021299999,94.92810059,-18.29999924,23.60000038,29.70000076,1525635628,1.743959276,0.283899993,0.381599993
2018/5/7,41.15790176,-96.48120117,0.138999999,0,82.31929779,-31.70000076,5.599999905,27.29999924,1525720898,1.209963108,0.052099999,0.374900013
2018/5/9,41.16859818,-96.43849945,-0.0061,0,74.52110291,-67.40000153,50.5,24.20000076,1525891458,2.677483511,-0.0022,0.368000001
2018/5/10,41.14720154,-96.42910004,1.352900028,0.618099988,100.5270004,-29.39999962,51.09999847,32.20000076,1525982740,3.95503065,0.539300025,0.398600012
2018/5/13,41.15200043,-96.48680115,-0.357899994,0.740400016,196.4801941,-45.5,24.39999962,24.79999924,1526238543,2.000693229,-0.134499997,0.375699997
2018/5/15,41.15269852,-96.51390076,0.774999976,0.511600018,126.0823975,-73.19999695,59.20000076,22.29999924,1526409112,3.908679373,0.287800014,0.371399999
2018/5/16,41.14170074,-96.45040131,1.685099959,0,103.6447983,-21.5,39,29.20000076,1526500374,3.058989318,0.666000009,0.395200014
2018/5/17,41.16239929,-96.48709869,0.950999975,0,93.35389709,-17.5,13.89999962,26.5,1526585639,1.449259798,0.367799997,0.386799991
2018/5/21,41.17470169,-96.47319794,-0.229000002,0.0616,100.0486984,-25.10000038,45.29999924,29.29999924,1526932749,1.123567037,-0.092,0.40169999
2018/5/23,41.16439819,-96.49169922,1.088600039,0.129999995,89.73169708,-29,6.199999809,24,1527103281,1.808830836,0.4199,0.385699987
2018/5/25,41.16189957,-96.4618988,1.275300026,0.0032,83.07189941,-65.40000153,50.79999924,20.60000038,1527273842,0.761857316,0.482800007,0.378600001
2018/5/26,41.15819931,-96.44989777,1.313799977,0.027000001,98.90170288,-28.70000076,50.79999924,29.39999962,1527365123,1.846719956,0.535899997,0.407900006
2018/5/28,41.13629913,-96.47429657,0.1778,0,97.55410004,-21,3.700000048,23.79999924,1527535651,3.196309165,0.069399998,0.390300006
2018/5/30,41.17380142,-96.5266037,0.346300006,0.184900001,95.74240112,-60.79999924,45.90000153,20.10000038,1527706209,4.83272841,0.132200003,0.381799996
2018/5/31,41.15380096,-96.42990112,1.590199947,0.367300004,138.3957062,-32.09999847,55.5,29.70000076,1527797498,3.583335185,0.657999992,0.413800001
2018/6/1,41.14210129,-96.43430328,0.562399983,0.092699997,95.12539673,-20.60000038,38.70000076,26.70000076,1527882757,3.923284544,0.226600006,0.40290001
2018/6/2,41.16260147,-96.44730377,1.057000041,0.005,104.2947998,-14.80000019,13.60000038,24,1527968022,1.924897266,0.417100012,0.394600004
2018/6/3,41.18119812,-96.48729706,1.013299942,0,91.76750183,-35.5,16.10000038,21.60000038,1528053295,2.316946041,0.39379999,0.388599992
2018/6/4,41.16650009,-96.49939728,0.571799994,0.435200006,96.26979828,-55.40000153,39.90000153,19.79999924,1528138575,2.459124017,0.219999999,0.3847
2018/6/5,41.18989944,-96.49160004,1.302999973,0,106.3772964,-34.90000153,59.5,30.20000076,1528229875,3.314184682,0.546299994,0.419200003
2018/6/10,41.16740036,-96.48709869,1.162099957,0.0123,107.7415009,-64,51.09999847,18.5,1528656225,1.450478543,0.446999997,0.3847
2018/6/11,41.17520142,-96.46499634,1.04460001,0.791700006,193.735199,-28.89999962,50.40000153,27.60000038,1528747506,1.225658457,0.430200011,0.411900014
2018/6/12,41.17610168,-96.4611969,1.534700036,0.452100009,160.9149933,-16,30.89999962,24.60000038,1528832767,1.454341595,0.616999984,0.40200001
2018/6/14,41.18069839,-96.48799896,2.285200119,0,116.5682983,-42.29999924,25.29999924,20,1529003309,2.311307807,0.889800012,0.389400005
2018/6/15,41.17399979,-96.43840027,1.719200015,0,108.1160965,-59.40000153,45.90000153,18.5,1529088591,2.840964107,0.663900018,0.386200011
2018/6/16,41.16519928,-96.47370148,2.477400064,0.197799996,137.2498932,-32.5,55.20000076,28.20000076,1529179883,0.303692926,1.029999971,0.415800005
2018/6/23,41.17860031,-96.46420288,2.189199924,0.364600003,138.7940979,-13,22.5,23.29999924,1529782791,1.604548551,0.87379998,0.399199992
2018/6/26,41.16540146,-96.47779846,1.764299989,0.658500016,159.608902,-63.20000076,51.09999847,18.10000038,1530038627,0.647136961,0.680000007,0.385399997
2018/6/27,41.1855011,-96.46630096,3.99090004,0,136.5753937,-29.70000076,50.40000153,26.89999962,1530129910,2.316005648,1.638900042,0.410699993
2018/6/28,41.19639969,-96.47290039,2.53670001,0.703499973,150.2843018,-16.60000038,30.89999962,24.10000038,1530215173,3.513768188,1.017099977,0.400999993
2018/6/29,41.14640045,-96.44609833,4.268700123,0,126.3295975,-19.10000038,3.400000095,21.70000076,1530300441,2.873270085,1.679800034,0.3935
2018/7/1,41.1473999,-96.45130157,2.322099924,0.313300014,137.6286011,-59,45.90000153,18.60000038,1530471001,2.500110828,0.894200027,0.385100007
2018/7/2,41.14759827,-96.49680328,3.619499922,0,140.7194061,-33.20000076,55.20000076,28,1530562293,2.947273687,1.494300008,0.412800014
2018/7/3,41.17850113,-96.4641037,3.824199915,0,139.7194977,-21.5,38.40000153,25.10000038,1530647554,1.596648597,1.538900018,0.402399987
2018/7/4,41.18769836,-96.46029663,1.541100025,0,138.7760925,-14.30000019,13.30000019,22.70000076,1530732821,2.667711379,0.60769999,0.394300014
2018/7/6,41.16790009,-96.47250366,2.888099909,0,125.0401993,-54.20000076,39.90000153,19.29999924,1530903376,0.392435405,1.110399961,0.384499997
2018/7/7,41.16939926,-96.46829987,3.457000017,0.206,151.9300995,-36.40000153,59.5,29.20000076,1530994678,0.525689934,1.434900045,0.415100008
2018/7/8,41.13949966,-96.44819641,3.171099901,0,142.5877991,-26.29999924,44.90000153,26.29999924,1531079936,3.36474751,1.279899955,0.403600007
2018/7/9,41.15449905,-96.48139954,3.230000019,0,142.0596924,-14.30000019,22.5,23.79999924,1531165201,1.491541259,1.274799943,0.394699991
2018/7/10,41.13769913,-96.48549652,3.163399935,0,125.6729965,-27.10000038,6.699999809,21.70000076,1531250472,3.284788253,1.227399945,0.388000011
2018/7/11,41.14110184,-96.45670319,2.509399891,0,125.3886032,-48.59999847,33,20.20000076,1531335751,2.871065065,0.962300003,0.38350001
2018/7/12,41.14139938,-96.48889923,3.349999905,0,128.7324066,-63.5,51.09999847,19.39999962,1531421037,3.047701117,1.275900006,0.380899996
2018/7/14,41.16239929,-96.48680115,2.74029994,0.354699999,173.1443024,-17.89999962,30.89999962,25.10000038,1531597582,1.424811277,1.082399964,0.395000011
2018/7/15,41.16379929,-96.47440338,2.97390008,0.074100003,133.5944061,-20.5,3.400000095,23,1531682851,0.379402051,1.152699947,0.387600005
2018/7/16,41.16320038,-96.46890259,2.454200029,0.776300013,175.7920074,-42.40000153,25,21.39999962,1531768128,0.210984707,0.938300014,0.382299989
2018/7/18,41.16009903,-96.52210236,3.028000116,0.627799988,170.2599945,-33.90000153,55.20000076,29.20000076,1531944702,4.385464143,1.228600025,0.405800015
2018/7/19,41.13759995,-96.47679901,3.751399994,0,140.0021973,-22.70000076,38.40000153,26.60000038,1532029962,3.083731653,1.482300043,0.395099998
2018/7/21,41.1548996,-96.46430206,2.285399914,0.034299999,128.3255005,-35.70000076,16.10000038,22.70000076,1532200503,1.210255589,0.870500028,0.380899996
2018/7/22,41.13230133,-96.47789764,2.048599958,0.465999991,136.3251038,-55.40000153,39.90000153,21.60000038,1532285784,3.679856807,0.771899998,0.376800001
2018/7/24,41.18579865,-96.48010254,3.243499994,0.015900001,133.9145966,-27.20000076,44.90000153,28.29999924,1532462345,2.473163813,1.282500029,0.395399988
2018/7/25,41.14789963,-96.44950104,2.636800051,0.546299994,149.6660004,-16.79999924,22.79999924,26,1532547609,2.556352467,1.01849997,0.386299998
2018/7/26,41.15280151,-96.42140198,1.343099952,0.510900021,161.2794952,-28.89999962,6.199999809,24.20000076,1532632881,4.292052722,0.509599984,0.379500002
2018/7/28,41.15729904,-96.51879883,3.317699909,0.074100003,137.4902039,-65.30000305,51.09999847,22.39999962,1532803445,4.162811311,1.23360002,0.371800005
2018/7/30,41.19010162,-96.45539856,2.482199907,0.052099999,144.2554016,-20.10000038,31.20000076,27.79999924,1532979991,3.063573737,0.957400024,0.385699987
2018/7/31,41.18939972,-96.45839691,2.298000097,0.034299999,127.8820038,-23.39999962,3.700000048,25.89999962,1533065260,2.898116865,0.868600011,0.377999991
2018/8/1,41.13460159,-96.47709656,2.589799881,0,120.5025024,-44.79999924,25,24.60000038,1533150535,3.416296891,0.964100003,0.372299999
2018/8/2,41.16360092,-96.50140381,3.102600098,0,124.4271011,-61.90000153,45.90000153,23.89999962,1533235819,2.624253569,1.144099951,0.368699998
2018/8/3,41.19910049,-96.44390106,2.593400002,0,124.7423019,72.40000153,59.20000076,23.79999924,1533321108,4.392585396,0.952199996,0.367199987
2018/8/6,41.15259933,-96.48120117,2.597700119,0.259799987,133.9046021,-38.79999924,16.10000038,26.29999924,1533582912,1.650879043,0.961300015,0.370099992
2018/8/7,41.15570068,-96.43080139,2.270499945,0.243200004,125.594101,-57.90000153,39.59999847,25.5,1533668193,3.44427241,0.83039999,0.365700006
2018/8/8,41.17499924,-96.50969696,2.622699976,0.068300001,138.9205933,-37.20000076,59.5,34.09999847,1533759495,3.500541755,1.041200042,0.397000015
2018/8/9,41.18460083,-96.49710083,3.268599987,0,130.8923035,-28.29999924,44.90000153,31.79999924,1533844754,3.14969931,1.257799983,0.384799987
2018/8/10,41.18180084,-96.47619629,1.797199965,0,124.7819977,-20.29999924,22.79999924,29.79999924,1533930018,1.950547153,0.674300015,0.375200003
2018/8/12,41.18379974,-96.51339722,2.694999933,0,116.8655014,-53.70000076,33,27.29999924,1534100569,4.190825818,0.977400005,0.362699986
2018/8/13,41.20529938,-96.44960022,2.802200079,0.0031,123.6432037,-68.09999847,50.79999924,26.89999962,1534185854,4.811741988,1.007500052,0.359499991
2018/8/16,41.16109848,-96.46379852,2.849499941,0.172199994,121.8751984,-27.89999962,3.700000048,30.29999924,1534447668,0.673899965,1.042600036,0.36590001
2018/8/17,41.19990158,-96.46389771,1.860900044,0.202800006,116.6248016,-48.40000153,24.70000076,29.20000076,1534532945,3.929766241,0.669700027,0.359899998
2018/8/18,41.16529846,-96.42549896,2.274199963,0.270099998,121.9926987,-65.19999695,45.59999847,28.60000038,1534618227,3.733829646,0.809099972,0.355800003
2018/8/20,41.16799927,-96.44670105,2.440700054,0.721800029,154.5516052,-26.39999962,38.70000076,34.20000076,1534794780,1.989338957,0.91170001,0.373600006
2018/8/24,41.19440079,-96.43499756,1.967800021,0,112.9517975,-74.19999695,55.20000076,30.39999962,1535135889,4.40600833,0.687300026,0.349299997
2018/8/25,41.14009857,-96.50160217,1.795300007,0,112.0151978,-29.89999962,44.90000153,36.59999847,1535227162,3.813611487,0.670000017,0.373199999
2018/8/27,41.20009995,-96.46859741,2.651799917,0.479600012,137.4481964,-37.79999924,6.199999809,33.5,1535397698,3.919411325,0.940800011,0.354799986
2018/8/29,41.15919876,-96.43810272,2.40019989,0,103.6182022,-72.30000305,50.79999924,32.20000076,1535568262,2.751827892,0.828199983,0.345099986
2018/9/3,41.16450119,-96.436203,1.35769999,0.330500007,109.2470016,-69.80000305,45.59999847,34.29999924,1536000635,2.837810579,0.463099986,0.341100007
2018/9/9,41.1794014,-96.43650055,2.325200081,0.447299987,107.902298,-79,55.20000076,36.20000076,1536518296,3.243428349,0.77609998,0.333799988
2018/9/10,41.13610077,-96.51000214,1.203999996,0.0075,91.44619751,-32.29999924,44.90000153,42.29999924,1536609569,4.625512095,0.435400009,0.361600012
2018/9/11,41.14960098,-96.48950195,0.625999987,0,85.30770111,-30.10000038,22.79999924,40.79999924,1536694834,2.34969595,0.218999997,0.349900007
2018/9/12,41.17819977,-96.46900177,0.456900001,0.300000012,98.77950287,-43.70000076,6.199999809,39.5,1536780106,1.485051219,0.155699998,0.340799987
2018/9/14,41.16379929,-96.44750214,0.954200029,0.0034,74.123703,-77.30000305,50.79999924,38.29999924,1536950669,1.895417984,0.314399987,0.32949999
2018/9/15,41.16469955,-96.44010162,1.002400041,0.585600019,101.860199,-35.20000076,50.79999924,45,1537041952,2.511228824,0.363700002,0.362800002
2018/9/16,41.16500092,-96.48280334,1.06400001,0.666700006,96.72309875,-31.20000076,31.20000076,43.29999924,1537127214,1.063491309,0.371800005,0.349400014
2018/9/17,41.17539978,-96.48639679,-0.230100006,0.480399996,96.60829926,-39.70000076,3.700000048,42,1537212483,1.797679004,-0.078000002,0.338999987
2018/9/18,41.14530182,-96.45870209,0.720399976,0.483999997,75.97660065,-59,24.70000076,41,1537297759,2.375937406,0.238600001,0.331200004
2018/9/19,41.15250015,-96.43599701,0.657199979,0,62.90810013,-75,45.59999847,40.5,1537383042,3.169075526,0.214000002,0.325599998
2018/9/20,41.18909836,-96.46820068,0.345899999,0,63.78229904,-85.30000305,59.20000076,40.40000153,1537468331,2.698757835,0.111400001,0.321999997
2018/9/21,41.19850159,-96.46990204,0.930400014,0.064199999,73.16919708,-33.20000076,38.70000076,46,1537559595,3.739700884,0.325300008,0.349599987
2018/9/22,41.16930008,-96.43049622,0.763499975,0,68.12909698,-36.90000153,13.89999962,44.5,1537644861,3.351506314,0.257999986,0.337900013
2018/9/23,41.14619827,-96.50800323,0.056000002,0,52.73350143,-54.59999847,16.10000038,43.40000153,1537730135,3.792172337,0.0184,0.328599989
2018/9/26,41.19319916,-96.44159698,1.020599961,0.113600001,70.03790283,-35.70000076,45.29999924,48.59999847,1537991977,3.951368172,0.357800007,0.350600004
2018/9/27,41.13990021,-96.49009705,0.387899995,0.270000011,68.65720367,-35.90000153,22.79999924,47,1538077240,3.242252894,0.130700007,0.337099999
2018/10/3,41.17129898,-96.48629761,0.064900003,0.0156,53.82640076,-46.09999847,3.700000048,48.29999924,1538594892,1.532747269,0.0211,0.325199991
2018/10/10,41.18019867,-96.48619843,0.724600017,0.784399986,107.3504028,-77.59999847,39.59999847,49.09999847,1539197824,2.172741757,0.221900001,0.306199998
2018/10/11,41.18889999,-96.46230316,-0.213300005,0.0506,48.56570053,-89.09999847,55.20000076,48.79999924,1539283110,2.750543125,-0.064199999,0.300900012
2018/10/13,41.1534996,-96.41829681,0.557399988,0.579999983,53.30849838,-41.70000076,23.29999924,53.20000076,1539459647,4.517344106,0.180700004,0.324200004
2018/10/16,41.14479828,-96.47219849,0.89200002,0,46.45289993,-87.40000153,50.79999924,50.79999924,1539715481,2.23877936,0.264999986,0.296999991
2018/10/17,41.1371994,-96.47789764,0.455300003,0.148000002,57.32339859,-41.79999924,50.79999924,57.09999847,1539806764,3.145336636,0.155599996,0.341600001
2018/10/18,41.19290161,-96.4756012,0.0101,0.060800001,51.03530121,-41.79999924,31.5,55.59999847,1539892027,3.15079438,0.0033,0.324400008
2018/10/19,41.13150024,-96.47409821,0.551299989,0.0052,46.6935997,-51.90000153,4,54.29999924,1539977294,3.72562127,0.171499997,0.31099999
2018/10/20,41.16389847,-96.46070099,0.630200028,0.0045,47.54119873,-70,24.39999962,53.40000153,1540062571,0.794175695,0.189600006,0.300900012
2018/10/21,41.17100143,-96.49510193,0.1708,0,45.76990128,-85.19999695,45.59999847,52.90000153,1540147854,2.201059734,0.050099999,0.293500006
2018/10/22,41.18780136,-96.51049805,0.022700001,0.268700004,56.88100052,-43.90000153,55.5,59.5,1540239146,4.2348185,0.0078,0.344799995
2018/10/23,41.18709946,-96.45670319,0.576399982,0.172499999,54.52429962,-42.70000076,39,57.90000153,1540324406,2.71422625,0.187700003,0.325599998
2018/10/26,41.14350128,-96.5184021,-0.203899994,0.0152,45.14720154,-82.40000153,39.59999847,54.90000153,1540580226,4.690400355,-0.0592,0.290300012
2018/10/27,41.16460037,-96.45629883,0.505900025,0.33919999,56.72629929,-45.90000153,59.79999924,61.79999924,1540671528,1.15568281,0.176799998,0.349400014
2018/11/6,41.14670181,-96.43789673,0.298900008,0.113899998,46.38209915,-88.90000153,45.29999924,58.09999847,1541530255,3.369006187,0.082999997,0.27759999
2018/11/7,41.16490173,-96.42379761,0.356599987,0.703400016,53.79299927,-47.70000076,55.90000153,64.30000305,1541621548,3.875958403,0.119099997,0.333999991
2018/11/9,41.16719818,-96.48690033,0.394499987,0.68629998,72.53469849,-54,14.19999981,61.40000153,1541792073,1.429954507,0.116800003,0.296000004
2018/11/11,41.12900162,-96.47789764,-0.170699999,0.349400014,56.48040009,-85.80000305,39.29999924,59.70000076,1541962627,4.04147406,-0.0469,0.274800003
2018/11/13,41.15790176,-96.46070099,0.727400005,0.0977,46.95280075,-48.40000153,45.59999847,64.5,1542139187,1.10429501,0.228699997,0.314300001
2018/11/16,41.14830017,-96.44719696,0.345200002,0,38.66600037,-81.90000153,32.09999847,61.20000076,1542395000,2.659200543,0.094099998,0.272500008
2018/11/20,41.14179993,-96.46859741,0.0061,0.020400001,36.81679916,-61,4.599999905,63.5,1542742097,2.568359607,0.0017,0.281800002
2018/11/21,41.16600037,-96.48799896,0.1083,0,34.26720047,-77.59999847,24.20000076,62.59999847,1542827373,1.503566026,0.029300001,0.270599991
2018/11/22,41.15430069,-96.47750092,0.195800006,0,37.70159912,-91.40000153,45.29999924,62,1542912656,1.328570662,0.0515,0.262800008
2018/11/27,41.17839813,-96.45890045,-0.100400001,0.607599974,62.13199997,-87.80000305,39,63.20000076,1543345028,1.772440238,-0.0262,0.260800004
2018/12/5,41.18500137,-96.46279907,-0.0252,0.108000003,73.61990356,-54.20000076,32.09999847,67,1544039230,2.320413239,-0.0071,0.283300012
2018/12/6,41.19300079,-96.46910095,-0.560299993,0.0051,104.7344971,-63.40000153,4.800000191,65.90000153,1544124498,3.129120761,-0.150600001,0.26879999
2018/12/7,41.17679977,-96.46669769,0.291900009,0,110.9380035,-79,23.89999962,65,1544209774,1.356755213,0.075499997,0.258599997
2018/12/9,41.15570068,-96.48200226,0.065700002,0.0079,94.31369781,-54,55.90000153,69.30000305,1544386349,1.425611492,0.020099999,0.306300014
2018/12/12,41.13529968,-96.47299957,0.0546,0.264400005,70.98760223,-73.90000153,15,65.59999847,1544642147,3.29702196,0.0141,0.258700013
2018/12/15,41.13410187,-96.50900269,-0.437900007,0.033599999,38.32949829,-54.20000076,45.59999847,68.40000153,1544903987,4.723876276,-0.1259,0.287600011
2018/12/16,41.19820023,-96.46420288,0.042100001,0,33.81919861,-57.20000076,23.89999962,67.09999847,1544989252,3.738869119,0.0114,0.271100014
2018/12/18,41.17570114,-96.51119995,-0.226999998,0.074600004,35.37200165,-83.90000153,32.09999847,65.30000305,1545159800,3.644905197,-0.057100002,0.251399994
2018/12/20,41.17919922,-96.51309967,-0.053199999,0.052099999,36.29320145,-54.79999924,51.09999847,68.80000305,1545336368,3.936013775,-0.0155,0.290800005
2018/12/21,41.19150162,-96.48529816,-0.268700004,0.1875,40.91640091,-55.70000076,32.09999847,67.40000153,1545421629,3.222922747,-0.073399998,0.273299992
2018/12/22,41.15409851,-96.43180084,-0.53579998,0.117600001,35.57529831,-63.79999924,5.099999905,66.30000305,1545506897,3.422682878,-0.139799997,0.261000007
2018/12/23,41.17509842,-96.4858017,0.203899994,0,28.23830032,-78.69999695,23.89999962,65.40000153,1545592173,1.738073034,0.0515,0.252299994
2019/1/2,41.17779922,-96.42769623,-0.225299999,0,35.99580002,-67.5,4.800000191,65.19999695,1546456921,3.829372551,-0.0579,0.256999999
2019/1/3,41.17779922,-96.46450043,-0.279599994,0,34.45729828,-82.19999695,31.79999924,64.40000153,1546542199,1.512135338,-0.070100002,0.2509
2019/1/4,41.18510056,-96.4272995,0.097099997,0,35.32249832,-93.09999847,50.09999847,64,1546627483,4.230013979,0.0241,0.247899994
2019/1/5,41.1405983,-96.52020264,0.065499999,0.0788,40.26449966,-55.20000076,51.09999847,67.40000153,1546718766,4.988065357,0.0187,0.2852
2019/1/7,41.17630005,-96.49649811,0.034299999,0.221200004,38.23880005,-62.59999847,4.800000191,64.80000305,1546889296,2.549041317,0.0089,0.260500014
2019/1/8,41.13259888,-96.47989655,0.280699998,0,33.30080032,-76.80000305,23.89999962,63.90000153,1546974571,3.680945916,0.0713,0.254099995
2019/1/9,41.1780014,-96.45749664,0.0594,0,35.3716011,-89.09999847,44.90000153,63.40000153,1547059854,1.80135436,0.0149,0.25060001
2019/1/10,41.18349838,-96.49210358,0.604200006,0.448300004,43.75040054,97.19999695,58.79999924,63.09999847,1547145142,2.771696703,0.150999993,0.25
2019/1/19,41.13529968,-96.45339966,0.141100004,0,126.9490967,-79.19999695,31.79999924,61.70000076,1547924596,3.573043939,0.036499999,0.258399993
2019/1/21,41.19609833,-96.43360138,0.171700001,0.5,162.3654022,-54,51.40000153,64.40000153,1548101165,4.624729973,0.0495,0.288500011
2019/1/23,41.15890121,-96.45159912,0.386299998,0,142.1208954,-59.40000153,5.099999905,61.70000076,1548271693,1.684990791,0.103600003,0.26820001
2019/1/24,41.13579941,-96.48600006,-0.191,0,138.3390045,-73.5,23.89999962,60.70000076,1548356969,3.495912106,-0.050299998,0.263300002
2019/1/28,41.13479996,-96.47100067,-0.416799992,0.097999997,87.2990036,-54.90000153,14.80000019,60.59999847,1548704069,3.344488606,-0.114399999,0.274399996
2019/1/29,41.17850113,-96.4701004,-0.197099999,0.322899997,97.0121994,-67.09999847,14.69999981,59.59999847,1548789342,1.515713359,-0.052999999,0.268700004
2019/1/30,41.15449905,-96.42590332,-0.222900003,0.229499996,140.0381012,-80.90000153,38.70000076,58.90000153,1548874622,3.875529701,-0.059300002,0.266099989
2019/2/1,41.15359879,-96.45529938,0.355699986,0.701499999,90.77950287,-51.40000153,45.90000153,61.09999847,1549051182,1.762396512,0.103399999,0.290800005
2019/2/4,41.16569901,-96.46839905,0.166299999,0,42.9090004,-75.40000153,31.79999924,57.59999847,1549306994,0.16961997,0.0451,0.271600008
2019/2/8,41.17210007,-96.50019836,-0.082599998,0.585099995,78.06909943,-55,4.800000191,57.20000076,1549654091,2.644547582,-0.0232,0.281500012
2019/2/12,41.16030121,-96.4394989,0.0722,0,170.4555969,-48,39.59999847,57.29999924,1550001200,2.611586246,0.021400001,0.296799988
2019/2/13,41.17910004,-96.48249817,0.798200011,0,163.2436981,-50.09999847,14.80000019,55.90000153,1550086466,1.892245477,0.230599999,0.288899988
2019/2/14,41.15480042,-96.45870209,-0.715600014,0.0139,158.1605072,-62.40000153,14.69999981,54.70000076,1550171739,1.471113924,-0.203299999,0.284099996
2019/2/17,41.17950058,-96.45739746,0.427700013,0.623199999,178.2964935,-47.5,45.90000153,56.20000076,1550433579,1.943460895,0.130600005,0.305400014
2019/2/18,41.16419983,-96.47789764,0.931599975,0,192.2993927,-46.5,23.89999962,54.5,1550518842,0.656981477,0.2764,0.296700001
2019/2/27,41.14979935,-96.50650024,0.776600003,0.255499989,197.151001,-47.29999924,55.90000153,53.79999924,1551298337,3.477772998,0.251899987,0.324400008
2019/2/28,41.15660095,-96.50270081,0.479900002,0,190.4971924,-43,39.29999924,51.90000153,1551383597,2.879901374,0.150600001,0.313800007
2019/3/3,41.19219971,-96.43309784,0.059500001,0.674300015,199.2610931,-72.69999695,38.70000076,48.09999847,1551639416,4.338801479,0.0178,0.299600005
2019/3/9,41.16379929,-96.51609802,-0.398699999,0.601300001,188.9550018,-79.40000153,50.5,45.59999847,1552157071,3.852350672,-0.121699996,0.305299997
2019/3/11,41.15719986,-96.47799683,-0.158500001,0.022700001,180.5684967,-38.40000153,32.09999847,47.59999847,1552333615,1.079088655,-0.0513,0.323500007
2019/3/15,41.16590118,-96.46479797,-0.127399996,0,48.82899857,83.90000153,58.79999924,43.20000076,1552674728,0.458399638,-0.039700001,0.311800003
2019/3/16,41.16659927,-96.49140167,-0.035399999,0,51.8716011,-37.5,39.29999924,46.40000153,1552765992,1.793470107,-0.0118,0.332700014
2019/3/18,41.17639923,-96.4937973,-0.499300003,0.605000019,62.40739822,-52.29999924,15,43.09999847,1552936531,2.361747655,-0.159899995,0.320300013
2019/3/20,41.1556015,-96.46060181,-0.501299977,0,50.28570175,-80.09999847,54.90000153,41.20000076,1553107097,1.301697658,-0.159099996,0.317400008
2019/3/21,41.19039917,-96.43470001,-0.073600002,0,62.37770081,-37.59999847,45.90000153,45.29999924,1553198371,4.103188839,-0.0252,0.342299998
2019/3/22,41.16579819,-96.50489807,-0.120899998,0.50940001,59.54410172,-34.20000076,23.60000038,43.20000076,1553283634,2.91474213,-0.040399998,0.333700001
2019/3/26,41.14039993,-96.49210358,0.298999995,0.263700008,98.19270325,-37.90000153,51.09999847,44.20000076,1553630749,3.285950429,0.105300002,0.352100015
2019/3/30,41.19039917,-96.42870331,-0.50150001,0,57.4382019,-70.69999695,44.90000153,37.59999847,1553971836,4.479057427,-0.165199995,0.329400003
2019/3/31,41.1896019,-96.47979736,-0.159299999,0,68.84649658,-38.79999924,55.90000153,43.40000153,1554063128,2.867326074,-0.057700001,0.362300009
2019/4/1,41.16930008,-96.47229767,0.277500004,0,70.45290375,-31.89999962,39.29999924,41,1554148387,0.525831349,0.097599998,0.351700008
2019/4/7,41.13740158,-96.47399902,-0.244100004,0,73.31839752,-27.89999962,23.60000038,37.79999924,1554666028,3.071747237,-0.086000003,0.352299988
2019/4/8,41.16159821,-96.46880341,0.047600001,0,67.22039795,-39.40000153,5.300000191,35.90000153,1554751299,0.379653296,0.0165,0.346199989
2019/4/9,41.17869949,-96.48120117,0.207200006,0.322899997,91.78299713,-58.59999847,32.09999847,34.40000153,1554836577,1.796693768,0.070900001,0.342400014
2019/4/13,41.18030167,-96.44049835,0.578800023,0.79549998,78.97869873,-31.79999924,4.800000191,34.79999924,1555183673,3.013827453,0.204799995,0.353899986
2019/4/14,41.15420151,-96.42980194,0.161599994,0,67.60540009,-51.09999847,23.89999962,33,1555268947,3.57610435,0.056400001,0.349099994
2019/4/15,41.1507988,-96.47290039,0.441799998,0.0096,68.8144989,-67.59999847,45.29999924,31.79999924,1555354230,1.582114284,0.153099999,0.346500009
2019/4/16,41.16799927,-96.45030212,-0.0285,0.477400005,94.22059631,-35.29999924,55.90000153,38.79999924,1555445522,1.693369397,-0.0108,0.380499989
2019/4/17,41.19200134,-96.45110321,0.106399998,0.157900006,85.6210022,-27.10000038,39.29999924,36.20000076,1555530782,3.410166883,0.039299998,0.369700015
2019/4/18,41.16699982,-96.45800018,0.391799986,0.396699995,118.6066971,-25.79999924,14.5,33.79999924,1555616047,1.040173854,0.1417,0.361600012
2019/4/19,41.14889908,-96.4838028,0.714999974,0,70.44889832,-43.29999924,15.19999981,31.89999962,1555701320,2.114197764,0.254500002,0.35589999
2019/4/20,41.15800095,-96.4285965,0.178200006,0,69.31909943,-61.70000076,39,30.39999962,1555786600,3.557391766,0.062799998,0.352600008
2019/4/21,41.14379883,-96.49720001,-0.0814,0.0175,85.04039764,-36.70000076,59.79999924,38.29999924,1555877901,3.26153137,-0.031800002,0.390199989
2019/4/23,41.19589996,-96.46080017,0.271200001,0.514199972,91.49299622,-22.29999924,23.60000038,33.09999847,1556048423,3.537068267,0.100199997,0.369500011
2019/4/24,41.15520096,-96.436203,0.754199982,0,81.06770325,-34.70000076,5.300000191,30.89999962,1556133692,3.034563428,0.273799986,0.363000005
2019/4/25,41.16719818,-96.44580078,0.094099998,0.0196,77.47149658,-55.09999847,32.09999847,29.20000076,1556218970,2.050451703,0.033799998,0.358700007
2019/4/26,41.18280029,-96.45439911,0.793099999,0.271299988,80.36810303,-69.59999847,50.5,27.89999962,1556304255,2.387892194,0.282799989,0.356599987
2019/5/2,41.18989944,-96.42120361,0.523699999,0.0038,86.98549652,-33.09999847,55.90000153,34.90000153,1556827916,4.949038965,0.207499996,0.396299988
2019/5/4,41.16569901,-96.47080231,0.081900001,0.447699994,109.4220963,-20.79999924,14.19999981,29.5,1556998440,0.109332481,0.0309,0.376800001
2019/5/5,41.14960098,-96.44940186,0.639100015,0.504499972,132.8376007,-39.59999847,15.19999981,27.29999924,1557083713,2.425979717,0.237100005,0.370999992
2019/5/10,41.17200089,-96.45089722,0.060800001,0.569999993,92.67009735,-31.10000038,5.599999905,26.70000076,1557516086,1.792306312,0.0229,0.377000004
2019/5/14,41.13280106,-96.47969818,0.912599981,0,97.44879913,-18.20000076,31.5,28.79999924,1557863190,3.65534556,0.35620001,0.390300006
2019/5/15,41.14339828,-96.44809723,1.200000048,0.755100012,98.46140289,-23.10000038,4.300000191,26.20000076,1557948458,3.015606893,0.459399998,0.3829
2019/5/16,41.17129898,-96.47399902,0.965900004,0,86.66609955,-45,24.39999962,24.20000076,1558033734,0.785848043,0.364800006,0.377600014
2019/5/17,41.16070175,-96.4960022,0.475800008,0.212200001,90.01879883,-62.29999924,45.59999847,22.60000038,1558119016,2.217316027,0.178200006,0.374500006
2019/5/22,41.18690109,-96.43910217,0.263900012,0.0069,84.06109619,-56.5,39.29999924,22,1558551386,3.568203555,0.0999,0.378699988
2019/5/24,41.1733017,-96.47309875,0.382499993,0,94.25559998,-25,45.29999924,28.79999924,1558727944,0.970581661,0.154200003,0.402999997
2019/5/25,41.18709946,-96.48390198,0.465000004,0.74059999,169.6744995,-14.5,23.10000038,26,1558813208,2.728409462,0.183200002,0.393900007
2019/5/26,41.16270065,-96.44979858,1.107499957,0,98.99690247,-28.29999924,5.900000095,23.5,1558898478,1.716486928,0.428799987,0.387199998
2019/5/27,41.16519928,-96.42710114,1.191699982,0.266400009,106.6595993,-50,32.40000153,21.5,1558983755,3.599597712,0.455900013,0.382600009
2019/5/29,41.19499969,-96.47000122,0.825100005,0.667800009,133.3636932,-28.79999924,50.79999924,29,1559160322,3.35028151,0.337500006,0.409000009
2019/5/30,41.15840149,-96.44239807,0.66960001,0.381199986,122.0782013,-16.5,31.5,26.10000038,1559245583,2.428015755,0.267100006,0.398999989
2019/6/1,41.1719017,-96.4835968,1.27670002,0.035700001,96.07659912,-43,24.70000076,21.29999924,1559416126,1.373933085,0.493000001,0.386200011
2019/6/4,41.15629959,-96.46569824,1.125200033,0.146799996,115.5781021,-20.60000038,38.70000076,26.39999962,1559677959,1.021749045,0.4542,0.403699994
2019/6/5,41.19469833,-96.48680115,0.884899974,0.0109,100.2823029,-14.5,13.60000038,23.60000038,1559763225,3.599243457,0.349900007,0.395399988
2019/6/6,41.15459824,-96.50859833,0.330900013,0.690199971,96.29679871,-35.20000076,16.10000038,21.29999924,1559848497,3.419335777,0.128800005,0.389400005
2019/6/7,41.14699936,-96.44819641,0.738200009,0.024,96.17340088,-54.90000153,39.59999847,19.5,1559933777,2.703971603,0.28459999,0.385500014
2019/6/8,41.19729996,-96.43890381,1.355900049,0.173999995,100.9257965,-67.30000305,55.20000076,18.5,1560019064,4.451936912,0.520299971,0.383700013
2019/6/9,41.14390182,-96.41960144,1.656900048,0.665300012,121.226799,-25.10000038,45.20000076,26.79999924,1560110335,4.828171345,0.676199973,0.408100009
2019/6/10,41.17499924,-96.48429871,2.08039999,0.01,115.896698,-13,22.79999924,23.89999962,1560195599,1.637399017,0.8301,0.398999989
2019/6/12,41.15200043,-96.43569946,1.837100029,0.103399999,91.37680054,-48.59999847,32.70000076,19.60000038,1560366147,3.215883733,0.712300003,0.387800008
2019/6/13,41.1916008,-96.4375,1.600900054,0.0031,92.35220337,-63.5,50.79999924,18.39999962,1560451432,4.034699591,0.61680001,0.38530001
2019/6/16,41.17890167,-96.45539856,1.046900034,0.765299976,135.8766022,-19,3.700000048,21.89999962,1560713242,1.987100194,0.413399994,0.394800007
2019/6/20,41.14199829,-96.48130035,1.559200048,0.0034,112.9347992,-20.79999924,38.40000153,25.10000038,1561060350,2.710594952,0.631399989,0.405000001
2019/6/21,41.17959976,-96.47769928,1.122200012,0.005,108.7353973,-13.69999981,13.30000019,22.5,1561145616,1.757046292,0.4454,0.396899998
2019/6/24,41.16609955,-96.47730255,2.104500055,0.017899999,128.4725952,-35.79999924,59.5,29,1561407469,0.618224691,0.881900012,0.419
2019/6/26,41.16569901,-96.48079681,2.053100109,0.363200009,121.4679031,-13.10000038,22.5,23.20000076,1561577990,0.900153452,0.818499982,0.398699999
2019/6/27,41.15670013,-96.48280334,2.271300077,0.592400014,120.9139023,-26.5,6.699999809,20.89999962,1561663260,1.398650494,0.890399992,0.39199999
2019/6/28,41.15390015,-96.44750214,1.630200028,0,112.4453964,-48.20000076,33,19.20000076,1561748538,2.250970809,0.631799996,0.387600005
2019/6/29,41.18190002,-96.49019623,2.851300001,0,115.8979034,-63.09999847,51.09999847,18.20000076,1561833823,2.532814271,1.097900033,0.38499999
2019/6/30,41.18289948,-96.4673996,3.192500114,0,132.2702942,-29.79999924,50.40000153,26.89999962,1561925104,2.017487808,1.308500051,0.40990001
2019/7/2,41.16220093,-96.48549652,2.515700102,0.029999999,127.4076996,-19.39999962,3.099999905,21.79999924,1562095633,1.32259324,0.987999976,0.392699987
2019/7/3,41.15950012,-96.48419952,1.64989996,0,114.6146011,-41.79999924,25.29999924,19.89999962,1562180908,1.322753057,0.639400005,0.387600005
2019/7/4,41.15620041,-96.52680206,2.778300047,0.564100027,141.9712067,-59.20000076,46.20000076,18.79999924,1562266191,4.843724682,1.067800045,0.384299994
2019/7/7,41.16109848,-96.51010132,2.474100113,0.784099996,132.0912933,-14.80000019,12.80000019,22.79999924,1562528006,3.374752095,0.972500026,0.393099993
2019/7/8,41.16870117,-96.4559021,1.576400042,0.084899999,119.972702,-34.59999847,16.39999962,20.89999962,1562613279,1.262511503,0.610499978,0.387300014
2019/7/9,41.1841011,-96.51039886,3.35010004,0.01,120.6255035,-54.5,40.20000076,19.60000038,1562698560,3.993655372,1.284600019,0.383399993
2019/7/10,41.1977005,-96.46600342,2.593499899,0,119.3809967,-66.90000153,55.59999847,19,1562783846,3.666650497,0.989600003,0.381599993
2019/7/11,41.17490005,-96.48840332,2.42779994,0,130.238205,-26.29999924,44.59999847,26.5,1562875118,1.895005476,0.976599991,0.4023
2019/7/12,41.13600159,-96.47570038,1.783499956,0,125.4645996,-14.60000038,22.20000076,24,1562960382,3.244090617,0.701499999,0.393299997
2019/7/14,41.18030167,-96.42140198,2.773900032,0.073299997,126.1679993,-48.79999924,33,20.60000038,1563130933,4.422476,1.060400009,0.382299989
2019/7/15,41.15739822,-96.44499969,2.849499941,0.021600001,120.3687973,-63.70000076,51.09999847,19.79999924,1563216218,2.259547198,1.081699967,0.379599988
2019/7/16,41.17770004,-96.43450165,2.896399975,0.023600001,135.607605,-30.60000038,50.40000153,28,1563307500,3.303560614,1.168200016,0.403299987
2019/7/17,41.15439987,-96.4890976,2.475600004,0,132.7135925,-18.10000038,30.60000038,25.39999962,1563392762,1.970995637,0.97390002,0.393400013
2019/7/18,41.15100098,-96.45970154,2.138600111,0,118.3526993,-21.10000038,3.099999905,23.29999924,1563478031,1.770910114,0.825600028,0.386000007
2019/7/19,41.1697998,-96.41639709,2.475899935,0,113.0591965,-42.70000076,25,21.79999924,1563563308,4.528582511,0.942900002,0.380800009
2019/7/20,41.15990067,-96.42449951,2.341799974,0.159099996,123.5479965,-60,45.90000153,20.89999962,1563648591,3.857131182,0.884000003,0.377499998
2019/7/22,41.1629982,-96.49430084,1.878700018,0.434799999,167.9472046,-22.70000076,38.09999847,27,1563825143,2.03653698,0.739099979,0.393400013
2019/7/23,41.18389893,-96.46920013,2.83130002,0,131.3773041,-17.29999924,13,24.79999924,1563910410,2.117261363,1.09070003,0.385199994
2019/7/26,41.1794014,-96.46970367,3.069999933,0.308200002,120.3298035,-68.40000153,55.59999847,21.79999924,1564166252,1.616159199,1.145300031,0.373100013
2019/7/27,41.19169998,-96.50340271,3.233400106,0,142.8495026,-27.20000076,44.59999847,28.70000076,1564257525,4.082750442,1.272300005,0.3935
2019/7/29,41.15819931,-96.4516983,2.536200047,0,117.8094025,-29.79999924,6.699999809,24.79999924,1564428060,1.709755069,0.957499981,0.377499998
2019/8/1,41.17639923,-96.44470215,3.861299992,0.521399975,152.0848999,-31.20000076,50.40000153,30.60000038,1564689907,2.482494772,1.520400047,0.39379999
2019/8/4,41.13209915,-96.46559906,2.513299942,0.523100019,149.3946075,-45.59999847,25.29999924,25.20000076,1564945714,3.66339074,0.930400014,0.370200008
2019/8/6,41.17290115,-96.47579956,3.209899902,0,135.0881042,-34.5,55.20000076,32.59999847,1565122289,1.012470479,1.265200019,0.394199997
2019/8/7,41.18650055,-96.43930054,2.834700108,0,134.2068024,-24.5,38.40000153,30.39999962,1565207550,3.525622776,1.085999966,0.383100003
2019/8/8,41.18529892,-96.43160248,2.091500044,0.462500006,154.4096069,-21.10000038,13.30000019,28.5,1565292816,3.942352703,0.783100009,0.37439999
2019/8/9,41.16630173,-96.46710205,2.827300072,0.351099998,113.1292038,-39.70000076,16.39999962,27.10000038,1565378090,0.29719207,1.039999962,0.367900014
2019/8/13,41.17979813,-96.45670319,2.930299997,0,124.8516998,-21.10000038,22.5,30.60000038,1565725195,2.003178679,1.093000054,0.372999996
2019/8/14,41.16619873,-96.46289825,1.727499962,0.0052,115.748703,-33.90000153,6.699999809,29.10000038,1565810466,0.620690882,0.631600022,0.36559999
2019/8/16,41.16139984,-96.46559906,2.671299934,0,122.2789001,-69,51.09999847,27.70000076,1565981030,0.539310704,0.95389998,0.35710001
2019/8/17,41.15510178,-96.44869995,3.624700069,0,131.8497009,-32.09999847,50.40000153,34.70000076,1566072312,2.095075553,1.387400031,0.382800013
2019/8/19,41.17100143,-96.48390198,3.507400036,0,116.3510971,-29.10000038,3.099999905,31.20000076,1566242844,1.341476749,1.27489996,0.363499999
2019/8/20,41.18090057,-96.49250031,2.869499922,0,115.2190018,-49.59999847,25.29999924,30.10000038,1566328120,2.587005704,1.025500059,0.3574
2019/8/22,41.15359879,-96.520401,2.993599892,0.467599988,140.401001,-76.80000305,59.59999847,29.5,1566498692,4.393591022,1.050899982,0.351099998
2019/8/23,41.15039825,-96.50700378,2.041399956,0.699299991,161.8450928,-26.60000038,38.09999847,35.09999847,1566589955,3.483498756,0.757600009,0.371100008
2019/8/28,41.17580032,-96.43119812,2.787899971,0.148399994,132.2996979,-30.29999924,44.90000153,37.5,1567022336,3.475625827,1.034800053,0.371199995
2019/8/29,41.15470123,-96.45500183,2.274399996,0,111.5649033,-25.70000076,22.5,35.79999924,1567107600,1.695911383,0.819800019,0.360399991
2019/8/31,41.17359924,-96.44229889,3.154000044,0.345800012,132.3329926,-59,33,33.59999847,1567278151,2.521387923,1.092100024,0.346300006
2019/9/2,41.16329956,-96.45480347,2.586400032,0.0107,121.5139999,-33.40000153,50.40000153,40,1567454718,1.292335348,0.960799992,0.371499985
2019/9/3,41.16189957,-96.45410156,1.945299983,0.237800002,104.2878036,-27.29999924,30.89999962,38.29999924,1567539980,1.379383241,0.699400008,0.359499991
2019/9/4,41.14929962,-96.43499756,1.773599982,0,100.7363968,-34.70000076,3.400000095,36.79999924,1567625248,3.410849211,0.621200025,0.350199997
2019/9/10,41.14709854,-96.46759796,2.025399923,0,88.58039856,-49.79999924,16.39999962,38.20000076,1568142900,1.987168723,0.689599991,0.340499997
2019/9/11,41.15570068,-96.52120209,2.53309989,0,95.64499664,-68.19999695,40.20000076,37.5,1568228182,4.397858032,0.847599983,0.334600002
2019/9/13,41.14519882,-96.4265976,1.687899947,0.0037,106.9171982,-32.79999924,44.90000153,43.40000153,1568404741,4.24846631,0.606899977,0.359499991
2019/9/14,41.16019821,-96.45809937,1.308699965,0.736599982,147.0664978,-31.20000076,22.5,41.79999924,1568490005,1.13096861,0.45480001,0.347499996
2019/9/15,41.15999985,-96.46659851,1.041100025,0.0052,77.47579956,-45.09999847,6.699999809,40.59999847,1568575277,0.615776636,0.352200001,0.33829999
2019/9/17,41.17549896,-96.47640228,0.663600028,0.206200004,83.53250122,-78.40000153,51.09999847,39.40000153,1568745841,1.294269835,0.216800004,0.326700002
2019/9/19,41.18569946,-96.45999908,1.333299994,0.0119,83.82209778,-32.09999847,30.89999962,44.40000153,1568922385,2.465600433,0.462700009,0.347000003
2019/9/20,41.17599869,-96.48799896,1.425300002,0.166700006,80.05840302,-41.09999847,3.099999905,43.09999847,1569007654,1.943158089,0.479499996,0.336400002
2019/9/23,41.18740082,-96.48670197,1.473999977,0.193800002,90.13079834,-38.09999847,55.20000076,48.70000076,1569269505,2.864843136,0.534099996,0.362399995
2019/9/24,41.17599869,-96.44390106,1.139899969,0.478899986,91.81510162,-34,38.40000153,47,1569354765,2.51797201,0.395799994,0.347299993
2019/9/26,41.14080048,-96.46219635,-0.046399999,0.686200023,109.2845993,-55.79999924,16.39999962,44.5,1569525305,2.757002881,-0.0151,0.326000005
2019/9/28,41.18529892,-96.45809937,1.07159996,0.700600028,74.57099915,-85.19999695,55.59999847,43.59999847,1569695873,2.483743583,0.337099999,0.314599991
2019/9/30,41.17060089,-96.4940033,0.0028,0.0167,65.15630341,-37.20000076,22.20000076,48.09999847,1569872410,2.099876491,0.001,0.334399998
2019/10/3,41.18080139,-96.46279907,1.0704,0,58.74250031,-83.59999847,51.09999847,45.70000076,1570128246,1.873927431,0.332300007,0.310499996
2019/10/5,41.1794014,-96.45429993,0.56309998,0.006,62.0237999,-37.40000153,30.89999962,50.59999847,1570304790,2.088014074,0.1884,0.334600002
2019/10/8,41.15629959,-96.44539642,0.689300001,0,55.56389999,-81.40000153,45.90000153,47.90000153,1570560618,2.277074754,0.211400002,0.306699991
2019/10/12,41.15520096,-96.49490356,0.533599973,0,44.72269821,-61.70000076,16.39999962,50.70000076,1570907711,2.338288956,0.165999994,0.311100006
2019/10/13,41.1814003,-96.48419952,0.537599981,0,48.80110168,-78.69999695,39.90000153,50.09999847,1570992992,2.184316723,0.163100004,0.303299993
2019/10/14,41.18669891,-96.48500061,-0.168200001,0.765699983,65.86270142,-43.20000076,59.5,57.29999924,1571084293,2.728904844,-0.059999999,0.356400013
2019/10/17,41.16109848,-96.46620178,0.378899992,0.230000004,60.84080124,-57.09999847,6.400000095,53,1571340087,0.531379868,0.117299996,0.309500009
2019/10/18,41.13880157,-96.47450256,0.487699986,0.0136,51.69010162,-75.30000305,33,52.20000076,1571425365,2.922021636,0.146500006,0.300500005
2019/10/19,41.13029861,-96.50270081,-0.261200011,0,50.52429962,-88.40000153,51.09999847,51.79999924,1571510651,4.71476278,-0.076800004,0.294
2019/10/22,41.14319992,-96.45149994,0.031099999,0.210199997,51.52259827,-53.09999847,3.700000048,55.29999924,1571772464,2.869017098,0.0096,0.308400005
2019/10/23,41.18170166,-96.50650024,0.452499986,0.704100013,61.1446991,-71.30000305,25,54.40000153,1571857741,3.575613972,0.134800002,0.298000008
2019/10/24,41.16529846,-96.51380157,-0.322100013,0.036499999,49.18740082,-86.09999847,45.90000153,53.79999924,1571943024,3.658542412,-0.093599997,0.290499985
2019/10/26,41.18519974,-96.45780182,0.265899986,0.483599991,59.11869812,-43.59999847,38.70000076,58.79999924,1572119576,2.483877579,0.085900001,0.322899997
2019/10/31,41.18569946,-96.44809723,-0.123000003,0.738499999,57.97359848,-45,45.29999924,60.90000153,1572551957,2.959016848,-0.039999999,0.324900001
2019/11/2,41.16130066,-96.43389893,0.339700013,0.044399999,46.13869858,-62,5.900000095,58.40000153,1572722492,3.056341886,0.100100003,0.29460001
2019/11/7,41.17010117,-96.47170258,-0.115000002,0.0726,45.73690033,-58,4,60.29999924,1573154869,0.596947293,-0.033799998,0.293599993
2019/11/8,41.17010117,-96.50319672,0.370400012,0.078699999,46.97299957,-75.40000153,24.70000076,59.40000153,1573240145,2.830811141,0.104699999,0.282599986
2019/11/12,41.17660141,-96.48069763,0.638100028,0.556100011,62.31090164,-54.79999924,13.89999962,62.09999847,1573587247,1.577498366,0.187000006,0.293099999
2019/11/14,41.14459991,-96.4315033,0.257299989,0.065099999,44.01440048,-86.30000305,39.29999924,60.40000153,1573757800,3.939830457,0.07,0.272100002
2019/11/15,41.13970184,-96.43779755,0.370700002,0.777199984,62.25429916,-50,59.79999924,66.69999695,1573849102,3.891861283,0.124499999,0.335700005
2019/11/17,41.17679977,-96.45839691,-0.157900006,0.586399972,50.57509995,-52.70000076,23.39999962,63.70000076,1574019625,1.649013994,-0.046300001,0.29339999
2019/11/18,41.18159866,-96.49150085,-0.023399999,0.222800002,43.04050064,-66.09999847,5.900000095,62.59999847,1574104896,2.582370636,-0.0065,0.279700011
2019/11/19,41.16579819,-96.46749878,-0.246099994,0.033300001,41.84700012,-82.5,32.40000153,61.90000153,1574190175,0.240967819,-0.066399999,0.269800007
2019/11/22,41.15280151,-96.49710083,0.0076,0.104199998,32.2757988,-51.90000153,31.5,65.19999695,1574452004,2.628768994,0.0022,0.294
2019/11/23,41.17990112,-96.47820282,0.324200004,0.0625,37.84249878,-61.70000076,4.300000191,64,1574537273,1.803744486,0.090499997,0.279000014
2019/11/30,41.15230179,-96.47910309,-0.34920001,0.021600001,39.13010025,-88.19999695,39.29999924,63.59999847,1575140204,1.587815773,-0.090300001,0.258700013
2019/12/2,41.20849991,-96.46080017,0.320899993,0.1875,45.72309875,-52.5,45.59999847,67.69999695,1575316765,4.913449411,0.0955,0.297500014
2019/12/3,41.14500046,-96.4910965,-0.0625,0.182699993,37.09120178,-55.90000153,23.39999962,66.30000305,1575402028,2.823393141,-0.0175,0.279599994
2019/12/4,41.14149857,-96.4733963,-0.024900001,0.132699996,35.53649902,-68.30000305,5.599999905,65.19999695,1575487299,2.613399575,-0.0066,0.2667
2019/12/5,41.19760132,-96.45999908,-0.063299999,0,37.59370041,-83.90000153,32.09999847,64.5,1575572578,3.736438996,-0.0163,0.257400006
2019/12/6,41.18629837,-96.4611969,0.501600027,0.013,37.74330139,-95.40000153,50.5,64,1575657863,2.496526524,0.126200005,0.25150001
2019/12/7,41.15000153,-96.4489975,0.173899993,0.5,48.3913002,-53.29999924,51.09999847,68.59999847,1575749145,2.419622336,0.052200001,0.300300002
2019/12/10,41.17919922,-96.48609924,0.441000015,0.726400018,57.05780029,-79.19999695,24.20000076,65.19999695,1576004952,2.081353656,0.113300003,0.256900012
2019/12/11,41.18220139,-96.48429871,-0.171399996,0.1131,47.70629883,-92.19999695,45.29999924,64.59999847,1576090235,2.26412919,-0.0429,0.250400007
2019/12/12,41.16109848,-96.41739655,0.116599999,0.302300006,43.75719833,-100.4000015,58.79999924,64.30000305,1576175522,4.431802384,0.0288,0.246999994
2019/12/14,41.16870117,-96.41960144,0.261799991,0.64200002,45.1072998,-59.90000153,14.80000019,66.59999847,1576352053,4.248506178,0.070100002,0.268000007
2019/12/17,41.15679932,-96.42919922,-0.600799978,0.785099983,97.50360107,-97.80000305,54.90000153,64.59999847,1576607893,3.539653687,-0.148000002,0.246299997
2019/12/18,41.16329956,-96.48619843,0.070699997,0.177499995,42.8506012,-54.5,45.59999847,68.40000153,1576699167,1.358876908,0.020199999,0.285600007
2019/12/20,41.20780182,-96.48600006,-0.1153,0,33.64670181,-68.80000305,5.300000191,66,1576869702,4.955761246,-0.0298,0.258100003
2019/12/21,41.14199829,-96.46949768,-0.286000013,0.017200001,36.33940125,-83.69999695,32.09999847,65.19999695,1576954980,2.543719519,-0.071699999,0.250699997
2019/12/25,41.20439911,-96.46959686,0.316799998,0,35.37390137,-63.90000153,4.800000191,66.19999695,1577302079,4.395640783,0.082400002,0.25999999
